{ "firstOccurenceWeights": {
"iblock": -945.2071934764527,
"ifloor": 10669.660835980894,
"irailing": 18623.578240703824
},
"weights": {
"backleftcorner": 12344.365136684493,
"backrightcorner": -1239.776510161318,
"behind": -559.4613070267089,
"betweenbf": -931.8931205981453,
"betweenrl": -3889.228806530541,
"block": 782.3324159830307,
"bluew": -2412.512868486365,
"dnp": 1270.4284513377263,
"firstinstruction": 20243.45394377121,
"floor": 3976.462973008228,
"fourbehind": -4922.036846195105,
"fourfront": -3471.9943258811672,
"fourright": 19317.235220652692,
"fromdiagonal1": 10669.660835980894,
"front": -2346.4359277243866,
"frontleftcorner": 867.6078219569602,
"frontrightcorner": 1872.4613103415986,
"iblock": 419.43548776025915,
"irailing": 1087.2743020064913,
"left": -2478.023916691483,
"loc": 485.9781914492859,
"nexttol": -2920.235217420441,
"nexttor": -6115.19176688439,
"np": 970.6983951028651,
"obj": 572.0042913640651,
"othersideof": 1087.2743020064913,
"prev": 2520.5430324152567,
"right": 6989.231367768143,
"todiagonal1": 10669.660835980894,
"top": 3329.3824081646253,
"topfromdiagonal1": 18623.578240703824,
"toptodiagonal1": 18623.578240703824,
"twoabove": -3955.107872463663,
"twobehind": 7142.821060091934,
"twofront": 10064.081222957653,
"twoleft": 17952.517817761116,
"tworight": 35824.449093093004,
"yelloww": -4404.728131765985
}}
