{ "firstOccurenceWeights": {
"iblock": -1.2174856623211354,
"ifloor": 0.21907720262195296,
"irailing": 4.24772411758514
},
"weights": {
"backleftcorner": 0.700568144894973,
"backrightcorner": -2.440235566942238,
"behind": -0.7645711459139678,
"betweenbf": -0.0688960786123386,
"betweenrl": 0.15821932050992019,
"block": 0.054394695857722254,
"bluew": -0.8449517045602127,
"dnp": 0.0995256445298565,
"firstinstruction": 2.561937318727612,
"floor": 0.3945414248745966,
"fourbehind": -1.1515738103013318,
"fourfront": -1.1602022705223285,
"fourright": 3.3634544339223,
"fromdiagonal1": 0.21907720262195296,
"front": -0.5279811590053577,
"frontleftcorner": 1.2803807558053186,
"frontrightcorner": 0.747909061284007,
"iblock": 0.14809951066942356,
"irailing": -0.1695770325062948,
"left": -0.5788083942869826,
"loc": 0.033056247867473645,
"nexttol": -0.8376962655579899,
"nexttor": -1.0327102063409839,
"np": 0.09559368131806824,
"obj": 0.05299656638023913,
"othersideof": -0.1695770325062948,
"prev": 0.7189792122568944,
"right": 0.10046117115749909,
"todiagonal1": 0.21907720262195296,
"top": 1.1402170519256205,
"topfromdiagonal1": 4.24772411758514,
"toptodiagonal1": 4.24772411758514,
"twoabove": 0.730291297944351,
"twobehind": 1.259963498349137,
"twofront": 0.7057917567816784,
"twoleft": 1.7541343695389384,
"tworight": 7.55537673678449,
"yelloww": -1.4696076496388033
}}
