{ "firstOccurenceWeights": {
"iblock": -8872.900359459622,
"ifloor": 8391.18014863478,
"irailing": 8874.377223366668
},
"weights": {
"backleftcorner": 9494.939908478029,
"backrightcorner": 40425.52078133566,
"behind": 23030.427312849446,
"block": 3302.6558504105374,
"bluew": 3637.2373423151294,
"dnp": 3719.7908078106752,
"firstinstruction": 8391.18014863478,
"floor": 10726.892717402588,
"fourbehind": 37308.79219849447,
"fourfront": 11269.68864986253,
"fourleft": -3286.6131113415186,
"fourright": 8976.173803783882,
"fromdiagonal1": 8391.18014863478,
"front": 4760.635495212018,
"frontleftcorner": 11553.372421237884,
"frontrightcorner": 25022.370288279155,
"iblock": 788.9347380603119,
"irailing": 4854.516985864282,
"left": -4363.833002066807,
"loc": -662.7845389029826,
"nexttor": -12437.600598681718,
"np": 3122.960027895051,
"obj": 1921.2077446943367,
"otherside": 1458.9836137220996,
"othersideof": -7088.215599973451,
"prev": 3789.5847451926543,
"right": 2375.2530657702227,
"todiagonal1": 8391.18014863478,
"top": -1009.4535524623102,
"topfromdiagonal1": 20529.380997843055,
"toptodiagonal1": 20529.380997843055,
"twoleft": -9875.117225308955,
"tworight": -10576.859847595853,
"twotop": -15060.508447995799,
"yelloww": 8391.18014863478
}}
