{"firstOccurenceWeights": {"iblock": 4665.757707482471, "ifloor": 36864.3655456945, "irailing": 74131.65165098218}, "weights": {"backleftcorner": 24412.855636016073, "backrightcorner": 17715.401135062322, "behind": 7219.881360464501, "betweenbf": -2902.7984689706354, "betweenfb": 1109.5020778661174, "betweenlr": -5085.602122763669, "betweenrl": -910.4442949686463, "block": 2001.7192173217732, "bluew": 3431.4630502839427, "dnp": 2196.5176990217533, "firstinstruction": 15983.227512348669, "floor": 6570.744885162359, "fourbehind": 8109.403469781779, "fourfront": 9110.95701699951, "fourleft": 4254.219476347878, "fourright": 801.323733639357, "fromdiagonal2": 36864.3655456945, "front": -653.4259747333018, "frontleftcorner": -26500.972246496676, "frontrightcorner": 11812.420174252418, "iblock": -1052.3947373971882, "irailing": -12341.817442426935, "left": 1053.6132171794989, "loc": 935.2374094333296, "nexttol": -6140.551629402658, "nexttor": -38.18488112495061, "np": 757.9845713692475, "obj": 815.3363785059378, "otherside": 21077.567282481963, "othersideof": 9481.05001930899, "prev": 2469.8999506431255, "right": -2041.2167917941222, "threebehind": 22637.12059194102, "threefront": 40745.346642628945, "threeleft": 3337.223394219868, "threeright": -256.61956205775823, "todiagonal2": 36864.3655456945, "top": -691.0772370201516, "topfromdiagonal1": 12682.016671303449, "toptodiagonal1": 12682.016671303449, "twoabove": 2753.2601585937537, "twobehind": 8656.375687582848, "twofront": -489.87095881009554, "twoleft": 458.9360899185649, "tworight": 37050.36888929426, "twotop": 4556.046398996223, "yelloww": -6179.994054168426}}