{"firstOccurenceWeights": {"iblock": 14665.757707482471, "ifloor": 46864.3655456945, "irailing": 84131.65165098218}, "weights": {"backleftcorner": 34412.85563601607, "backrightcorner": 27715.401135062322, "behind": 17219.8813604645, "betweenbf": 7097.201531029365, "betweenfb": 11109.502077866116, "betweenlr": 4914.397877236331, "betweenrl": 9089.555705031355, "block": 12001.719217321774, "bluew": 13431.463050283943, "dnp": 12196.517699021753, "firstinstruction": 25983.22751234867, "floor": 16570.74488516236, "fourbehind": 18109.403469781777, "fourfront": 19110.95701699951, "fourleft": 14254.219476347878, "fourright": 10801.323733639358, "fromdiagonal2": 46864.3655456945, "front": 9346.574025266698, "frontleftcorner": -16500.972246496676, "frontrightcorner": 21812.420174252416, "iblock": 8947.605262602812, "irailing": -2341.8174424269346, "left": 11053.6132171795, "loc": 10935.23740943333, "nexttol": 3859.4483705973416, "nexttor": 9961.815118875049, "np": 10757.984571369248, "obj": 10815.336378505937, "otherside": 31077.567282481963, "othersideof": 19481.05001930899, "prev": 12469.899950643125, "right": 7958.783208205878, "threebehind": 32637.12059194102, "threefront": 50745.346642628945, "threeleft": 13337.223394219869, "threeright": 9743.380437942242, "todiagonal2": 46864.3655456945, "top": 9308.922762979848, "topfromdiagonal1": 22682.01667130345, "toptodiagonal1": 22682.01667130345, "twoabove": 12753.260158593754, "twobehind": 18656.375687582848, "twofront": 9510.129041189904, "twoleft": 10458.936089918565, "tworight": 47050.36888929426, "twotop": 14556.046398996223, "yelloww": 3820.0059458315736}}