{ "firstOccurenceWeights": {
"iblock": -5206.014505236236,
"ifloor": 132080.79523810497,
"irailing": 17063.917833212327,
"irow": 20710.012088534317,
"iwall": 27071.9325921196
},
"weights": {
"backrightcorner": 74687.21951099036,
"behind": 2238.881312166436,
"betweenfb": -3553.524079585533,
"betweenlr": -12153.735882290732,
"blackw": 3760.966546460457,
"block": 1249.343883648967,
"bluew": 2100.4540014621016,
"dnp": 1386.022521643445,
"firstinstruction": 24319.715478233084,
"floor": 17063.917833212327,
"fourbehind": 10434.437216160588,
"fourfront": 6209.353461730439,
"fourleft": 6334.56437272975,
"fourright": 31478.844502026765,
"fromdiagonal1": 10929.444242127805,
"fromdiagonal2": 9623.73222306397,
"fromlefttoright": -4470.374055695127,
"fromtopofdiagonal2": 13544.882590955678,
"front": -4861.698804479645,
"frontorientlrblock": 62238.29526664528,
"frontrightcorner": -4062.3073904833213,
"height2": 7763.476357769902,
"high2": 3384.289437008302,
"iblock": -314.1808050102434,
"irailing": 1514.5339886571408,
"irow": 9970.120957033389,
"iwall": -8108.663795978922,
"left": 19082.27507501927,
"length4": -13890.011596125329,
"loc": 307.15464829997075,
"long4": -11241.747312222371,
"nexttol": -5347.95374214496,
"nexttor": -1050.5818109082727,
"np": 1446.7698774946007,
"obj": 786.8987821053977,
"onlytodiagonal1": 13227.315070143863,
"onlytodiagonal2": 16810.565135982964,
"onlytotopofdiagonal1": 46487.15368311231,
"onlytotopofdiagonal2": 14119.304485152681,
"orientaway": -4756.237669126091,
"otherside": 1514.5339886571408,
"prev": 2483.7181954399116,
"redw": 6790.396879162932,
"right": 4975.163130340667,
"rightorientawayblock": -8037.115766067356,
"row": 11403.776576572938,
"threebehind": 3461.7962937167904,
"threefront": 48066.213372087506,
"threeleft": 860.2256068808069,
"threeright": 59.91132454400622,
"tobottomdiagonal2": 13544.882590955678,
"todiagonal1": 10929.444242127805,
"todiagonal2": 60890.293889691944,
"tohorizontallr": 3384.289437008302,
"top": -2177.233246460447,
"topfromdiagonal1": 17063.917833212327,
"topfromdiagonal2": 227639.02829327353,
"toptodiagonal1": 17063.917833212327,
"toright": 5380.1105483206375,
"totopofdiagonal2": -277.0364506898554,
"twoabove": 2023.422096262219,
"twobehind": 13826.924371822108,
"twofront": 3073.6375180426057,
"twoleft": 8456.400637352484,
"tworight": 16472.230519169432,
"twotop": 11974.863759981905,
"upperleftcorner": -40251.78276313917,
"upperrightcorner": 18866.384685301455,
"wall": 1564.5724574895494,
"yelloww": -4024.014417599124
}}
