{"firstOccurenceWeights": {"iblock": 2.8869669880825315, "ifloor": 8.520134060990905, "irailing": 20.09877107790342}, "weights": {"backleftcorner": 6.626287998798217, "backrightcorner": 9.69333079301221, "behind": 4.758009087156446, "betweenbf": 3.286164962620223, "betweenfb": 3.833320193811668, "betweenlr": 2.439557144347913, "betweenrl": 2.427981779678677, "block": 4.479213863811954, "bluew": 3.5495173742470123, "dnp": 4.57112866821288, "firstinstruction": 4.893610858114752, "floor": 4.9140085105529945, "fourbehind": 5.439919952080077, "fourfront": 5.651889266731755, "fourleft": 4.165226331230204, "fourright": 3.918871417209724, "fromdiagonal2": 8.520134060990905, "front": 3.7842001647668484, "frontleftcorner": -6.634541831737636, "frontrightcorner": 7.713895017309378, "iblock": 3.5641680588831464, "irailing": -1.529539859659697, "left": 3.6280600150021387, "loc": 3.8823585012233526, "nexttol": 3.090111360175718, "nexttor": 4.057992118661222, "np": 4.200542430349576, "obj": 4.235771745531959, "otherside": 9.710051454797389, "othersideof": 8.732798538014457, "prev": 3.9424421577758797, "right": 3.6379454329084933, "threebehind": 5.655747995483805, "threefront": 5.617368333574171, "threeleft": 3.8889253844095313, "threeright": 3.6957696278256296, "todiagonal2": 8.520134060990905, "top": 2.783590547246515, "topfromdiagonal1": 7.655200429662009, "toptodiagonal1": 7.655200429662009, "twoabove": 5.054894782153324, "twobehind": 4.896032351033876, "twofront": 4.496039406720213, "twoleft": 3.3300275139649496, "tworight": 8.277336885253462, "twotop": 3.855643268261395, "yelloww": 3.1968074619829516}}