{"firstOccurenceWeights": {"iblock": 5665.757707482471, "ifloor": 37864.3655456945, "irailing": 75131.65165098218}, "weights": {"backleftcorner": 25412.855636016073, "backrightcorner": 18715.401135062322, "behind": 8219.8813604645, "betweenbf": -1902.7984689706354, "betweenfb": 2109.5020778661174, "betweenlr": -4085.6021227636693, "betweenrl": 89.55570503135368, "block": 3001.719217321773, "bluew": 4431.463050283943, "dnp": 3196.5176990217533, "firstinstruction": 16983.22751234867, "floor": 7570.744885162359, "fourbehind": 9109.403469781779, "fourfront": 10110.95701699951, "fourleft": 5254.219476347878, "fourright": 1801.323733639357, "fromdiagonal2": 37864.3655456945, "front": 346.5740252666982, "frontleftcorner": -25500.972246496676, "frontrightcorner": 12812.420174252418, "iblock": -52.39473739718824, "irailing": -11341.817442426935, "left": 2053.613217179499, "loc": 1935.2374094333295, "nexttol": -5140.551629402658, "nexttor": 961.8151188750494, "np": 1757.9845713692475, "obj": 1815.3363785059378, "otherside": 22077.567282481963, "othersideof": 10481.05001930899, "prev": 3469.8999506431255, "right": -1041.2167917941222, "threebehind": 23637.12059194102, "threefront": 41745.346642628945, "threeleft": 4337.223394219868, "threeright": 743.3804379422418, "todiagonal2": 37864.3655456945, "top": 308.92276297984836, "topfromdiagonal1": 13682.016671303449, "toptodiagonal1": 13682.016671303449, "twoabove": 3753.2601585937537, "twobehind": 9656.375687582848, "twofront": 510.12904118990446, "twoleft": 1458.936089918565, "tworight": 38050.36888929426, "twotop": 5556.046398996223, "yelloww": -5179.994054168426}}