{"firstOccurenceWeights": {"iblock": 4765.757707482471, "ifloor": 36964.3655456945, "irailing": 74231.65165098218}, "weights": {"backleftcorner": 24512.855636016073, "backrightcorner": 17815.401135062322, "behind": 7319.881360464501, "betweenbf": -2802.7984689706354, "betweenfb": 1209.5020778661174, "betweenlr": -4985.602122763669, "betweenrl": -810.4442949686463, "block": 2101.719217321773, "bluew": 3531.4630502839427, "dnp": 2296.5176990217533, "firstinstruction": 16083.227512348669, "floor": 6670.744885162359, "fourbehind": 8209.403469781779, "fourfront": 9210.95701699951, "fourleft": 4354.219476347878, "fourright": 901.323733639357, "fromdiagonal2": 36964.3655456945, "front": -553.4259747333018, "frontleftcorner": -26400.972246496676, "frontrightcorner": 11912.420174252418, "iblock": -952.3947373971882, "irailing": -12241.817442426935, "left": 1153.6132171794989, "loc": 1035.2374094333295, "nexttol": -6040.551629402658, "nexttor": 61.81511887504939, "np": 857.9845713692475, "obj": 915.3363785059378, "otherside": 21177.567282481963, "othersideof": 9581.05001930899, "prev": 2569.8999506431255, "right": -1941.2167917941222, "threebehind": 22737.12059194102, "threefront": 40845.346642628945, "threeleft": 3437.223394219868, "threeright": -156.61956205775823, "todiagonal2": 36964.3655456945, "top": -591.0772370201516, "topfromdiagonal1": 12782.016671303449, "toptodiagonal1": 12782.016671303449, "twoabove": 2853.2601585937537, "twobehind": 8756.375687582848, "twofront": -389.87095881009554, "twoleft": 558.9360899185649, "tworight": 37150.36888929426, "twotop": 4656.046398996223, "yelloww": -6079.994054168426}}