{"firstOccurenceWeights": {"iblock": -0.7130330119174685, "ifloor": 4.920134060990905, "irailing": 16.49877107790342}, "weights": {"backleftcorner": 3.0262879987982174, "backrightcorner": 6.0933307930122105, "behind": 1.1580090871564457, "betweenbf": -0.31383503737977714, "betweenfb": 0.23332019381166824, "betweenlr": -1.1604428556520872, "betweenrl": -1.172018220321323, "block": 0.8792138638119542, "bluew": -0.050482625752987675, "dnp": 0.9711286682128809, "firstinstruction": 1.2936108581147525, "floor": 1.3140085105529942, "fourbehind": 1.8399199520800762, "fourfront": 2.0518892667317545, "fourleft": 0.5652263312302037, "fourright": 0.318871417209724, "fromdiagonal2": 4.920134060990905, "front": 0.1842001647668485, "frontleftcorner": -10.234541831737635, "frontrightcorner": 4.113895017309378, "iblock": -0.035831941116853616, "irailing": -5.129539859659697, "left": 0.028060015002138727, "loc": 0.2823585012233524, "nexttol": -0.5098886398242818, "nexttor": 0.4579921186612217, "np": 0.600542430349576, "obj": 0.6357717455319583, "otherside": 6.110051454797389, "othersideof": 5.132798538014456, "prev": 0.34244215777587955, "right": 0.037945432908493226, "threebehind": 2.0557479954838045, "threefront": 2.0173683335741712, "threeleft": 0.28892538440953147, "threeright": 0.09576962782562942, "todiagonal2": 4.920134060990905, "top": -0.816409452753485, "topfromdiagonal1": 4.055200429662009, "toptodiagonal1": 4.055200429662009, "twoabove": 1.4548947821533238, "twobehind": 1.296032351033876, "twofront": 0.8960394067202124, "twoleft": -0.26997248603505053, "tworight": 4.677336885253463, "twotop": 0.2556432682613953, "yelloww": -0.40319253801704824}}