{"firstOccurenceWeights": {"iblock": -1.0130330119174684, "ifloor": 4.620134060990904, "irailing": 16.198771077903423}, "weights": {"backleftcorner": 2.7262879987982176, "backrightcorner": 5.79333079301221, "behind": 0.8580090871564456, "betweenbf": -0.6138350373797772, "betweenfb": -0.06667980618833177, "betweenlr": -1.4604428556520872, "betweenrl": -1.472018220321323, "block": 0.5792138638119542, "bluew": -0.3504826257529877, "dnp": 0.6711286682128809, "firstinstruction": 0.9936108581147525, "floor": 1.0140085105529941, "fourbehind": 1.5399199520800764, "fourfront": 1.7518892667317545, "fourleft": 0.2652263312302038, "fourright": 0.018871417209724017, "fromdiagonal2": 4.620134060990904, "front": -0.11579983523315152, "frontleftcorner": -10.534541831737636, "frontrightcorner": 3.813895017309378, "iblock": -0.33583194111685366, "irailing": -5.429539859659697, "left": -0.2719399849978613, "loc": -0.017641498776647613, "nexttol": -0.8098886398242818, "nexttor": 0.1579921186612217, "np": 0.30054243034957595, "obj": 0.3357717455319582, "otherside": 5.810051454797389, "othersideof": 4.832798538014456, "prev": 0.042442157775879535, "right": -0.26205456709150676, "threebehind": 1.7557479954838044, "threefront": 1.7173683335741712, "threeleft": -0.011074615590468545, "threeright": -0.2042303721743706, "todiagonal2": 4.620134060990904, "top": -1.116409452753485, "topfromdiagonal1": 3.755200429662009, "toptodiagonal1": 3.755200429662009, "twoabove": 1.154894782153324, "twobehind": 0.9960323510338759, "twofront": 0.5960394067202124, "twoleft": -0.5699724860350506, "tworight": 4.377336885253462, "twotop": -0.04435673173860474, "yelloww": -0.7031925380170483}}