{"firstOccurenceWeights": {"iblock": 6.8869669880825315, "ifloor": 12.520134060990905, "irailing": 24.09877107790342}, "weights": {"backleftcorner": 10.626287998798217, "backrightcorner": 13.69333079301221, "behind": 8.758009087156445, "betweenbf": 7.286164962620223, "betweenfb": 7.8333201938116686, "betweenlr": 6.439557144347913, "betweenrl": 6.427981779678677, "block": 8.479213863811955, "bluew": 7.549517374247012, "dnp": 8.57112866821288, "firstinstruction": 8.893610858114753, "floor": 8.914008510552994, "fourbehind": 9.439919952080077, "fourfront": 9.651889266731754, "fourleft": 8.165226331230203, "fourright": 7.918871417209724, "fromdiagonal2": 12.520134060990905, "front": 7.784200164766848, "frontleftcorner": -2.6345418317376357, "frontrightcorner": 11.713895017309378, "iblock": 7.564168058883146, "irailing": 2.470460140340303, "left": 7.628060015002139, "loc": 7.882358501223353, "nexttol": 7.090111360175718, "nexttor": 8.057992118661222, "np": 8.200542430349575, "obj": 8.235771745531958, "otherside": 13.710051454797389, "othersideof": 12.732798538014457, "prev": 7.942442157775879, "right": 7.637945432908493, "threebehind": 9.655747995483804, "threefront": 9.617368333574172, "threeleft": 7.888925384409531, "threeright": 7.695769627825629, "todiagonal2": 12.520134060990905, "top": 6.783590547246515, "topfromdiagonal1": 11.65520042966201, "toptodiagonal1": 11.65520042966201, "twoabove": 9.054894782153324, "twobehind": 8.896032351033876, "twofront": 8.496039406720213, "twoleft": 7.330027513964949, "tworight": 12.277336885253462, "twotop": 7.855643268261395, "yelloww": 7.196807461982952}}