{"firstOccurenceWeights": {"iblock": -1.1130330119174685, "ifloor": 4.520134060990904, "irailing": 16.09877107790342}, "weights": {"backleftcorner": 2.6262879987982175, "backrightcorner": 5.69333079301221, "behind": 0.7580090871564457, "betweenbf": -0.7138350373797772, "betweenfb": -0.16667980618833178, "betweenlr": -1.5604428556520873, "betweenrl": -1.572018220321323, "block": 0.4792138638119542, "bluew": -0.4504826257529877, "dnp": 0.5711286682128809, "firstinstruction": 0.8936108581147525, "floor": 0.9140085105529941, "fourbehind": 1.4399199520800763, "fourfront": 1.6518892667317544, "fourleft": 0.16522633123020375, "fourright": -0.08112858279027599, "fromdiagonal2": 4.520134060990904, "front": -0.21579983523315152, "frontleftcorner": -10.634541831737636, "frontrightcorner": 3.713895017309378, "iblock": -0.43583194111685364, "irailing": -5.529539859659697, "left": -0.3719399849978613, "loc": -0.11764149877664762, "nexttol": -0.9098886398242818, "nexttor": 0.0579921186612217, "np": 0.20054243034957597, "obj": 0.23577174553195818, "otherside": 5.710051454797389, "othersideof": 4.732798538014456, "prev": -0.05755784222412047, "right": -0.3620545670915068, "threebehind": 1.6557479954838044, "threefront": 1.617368333574171, "threeleft": -0.11107461559046855, "threeright": -0.3042303721743706, "todiagonal2": 4.520134060990904, "top": -1.216409452753485, "topfromdiagonal1": 3.655200429662009, "toptodiagonal1": 3.655200429662009, "twoabove": 1.0548947821533239, "twobehind": 0.8960323510338759, "twofront": 0.4960394067202124, "twoleft": -0.6699724860350506, "tworight": 4.277336885253463, "twotop": -0.14435673173860475, "yelloww": -0.8031925380170483}}