{ "firstOccurenceWeights": {
"iblock": 12343.576472396046,
"ifloor": 77930.21856169301,
"irailing": 9465.018925477838
},
"weights": {
"backleftcorner": 9465.018925477838,
"behind": 20484.429354449454,
"below": -7736.809835993616,
"betweenbf": -11408.995933874345,
"betweenfb": -9863.233750742915,
"betweenlr": -3554.310790174979,
"betweenrl": -5485.099038700367,
"blackw": -21.896946287374817,
"block": 766.2514142963371,
"bluew": 811.979441169654,
"dnp": 841.5838636280236,
"firstinstruction": 15167.398893706077,
"floor": 11512.823437217488,
"fourbehind": 11372.86457141967,
"fourfront": 5650.098173682097,
"fourleft": 5354.832728814274,
"fourright": 14165.708003607524,
"fromdiagonal2": 77930.21856169301,
"front": 751.2205537413059,
"frontleftcorner": 22952.996704174788,
"iblock": 1054.6396980022128,
"irailing": 13232.159019699926,
"left": 11324.322906722711,
"loc": 1297.4017367408185,
"nexttol": -4324.73790164716,
"nexttor": -4650.090236076725,
"np": 1608.2832446892862,
"obj": 586.7379682169671,
"otherside": -9058.346195995067,
"prev": 1260.130640058855,
"redw": -8594.664762719378,
"right": -1569.6774107648287,
"threebehind": 57162.42784626143,
"threefront": -3313.9986918955096,
"threeleft": -1248.733037761654,
"threeright": -2997.9624764066216,
"todiagonal2": 77930.21856169301,
"top": -1741.7599223999002,
"topfromdiagonal1": 22952.996704174788,
"toptodiagonal1": 22952.996704174788,
"twoabove": -854.5786400121524,
"twobehind": 13434.611506279638,
"twofront": 7128.593526999757,
"twoleft": 9995.68951541531,
"tworight": 15781.338244017072,
"twotop": -1148.3098934447235,
"yelloww": -1195.2098830991777
}}
