{"firstOccurenceWeights": {"iblock": 0.8869669880825315, "ifloor": 6.520134060990904, "irailing": 18.09877107790342}, "weights": {"backleftcorner": 4.626287998798217, "backrightcorner": 7.69333079301221, "behind": 2.7580090871564455, "betweenbf": 1.286164962620223, "betweenfb": 1.833320193811668, "betweenlr": 0.4395571443479127, "betweenrl": 0.4279817796786769, "block": 2.479213863811954, "bluew": 1.5495173742470123, "dnp": 2.571128668212881, "firstinstruction": 2.8936108581147524, "floor": 2.914008510552994, "fourbehind": 3.4399199520800763, "fourfront": 3.6518892667317546, "fourleft": 2.165226331230204, "fourright": 1.918871417209724, "fromdiagonal2": 6.520134060990904, "front": 1.7842001647668484, "frontleftcorner": -8.634541831737636, "frontrightcorner": 5.713895017309378, "iblock": 1.5641680588831464, "irailing": -3.529539859659697, "left": 1.6280600150021387, "loc": 1.8823585012233524, "nexttol": 1.0901113601757182, "nexttor": 2.057992118661222, "np": 2.200542430349576, "obj": 2.235771745531958, "otherside": 7.710051454797389, "othersideof": 6.732798538014456, "prev": 1.9424421577758795, "right": 1.6379454329084933, "threebehind": 3.6557479954838046, "threefront": 3.617368333574171, "threeleft": 1.8889253844095315, "threeright": 1.6957696278256293, "todiagonal2": 6.520134060990904, "top": 0.783590547246515, "topfromdiagonal1": 5.655200429662009, "toptodiagonal1": 5.655200429662009, "twoabove": 3.054894782153324, "twobehind": 2.8960323510338757, "twofront": 2.4960394067202123, "twoleft": 1.3300275139649496, "tworight": 6.277336885253463, "twotop": 1.8556432682613953, "yelloww": 1.1968074619829516}}