{"firstOccurenceWeights": {"iblock": 4675.757707482471, "ifloor": 36874.3655456945, "irailing": 74141.65165098218}, "weights": {"backleftcorner": 24422.855636016073, "backrightcorner": 17725.401135062322, "behind": 7229.881360464501, "betweenbf": -2892.7984689706354, "betweenfb": 1119.5020778661174, "betweenlr": -5075.602122763669, "betweenrl": -900.4442949686463, "block": 2011.7192173217732, "bluew": 3441.4630502839427, "dnp": 2206.5176990217533, "firstinstruction": 15993.227512348669, "floor": 6580.744885162359, "fourbehind": 8119.403469781779, "fourfront": 9120.95701699951, "fourleft": 4264.219476347878, "fourright": 811.323733639357, "fromdiagonal2": 36874.3655456945, "front": -643.4259747333018, "frontleftcorner": -26490.972246496676, "frontrightcorner": 11822.420174252418, "iblock": -1042.3947373971882, "irailing": -12331.817442426935, "left": 1063.6132171794989, "loc": 945.2374094333296, "nexttol": -6130.551629402658, "nexttor": -28.184881124950607, "np": 767.9845713692475, "obj": 825.3363785059378, "otherside": 21087.567282481963, "othersideof": 9491.05001930899, "prev": 2479.8999506431255, "right": -2031.2167917941222, "threebehind": 22647.12059194102, "threefront": 40755.346642628945, "threeleft": 3347.223394219868, "threeright": -246.61956205775823, "todiagonal2": 36874.3655456945, "top": -681.0772370201516, "topfromdiagonal1": 12692.016671303449, "toptodiagonal1": 12692.016671303449, "twoabove": 2763.2601585937537, "twobehind": 8666.375687582848, "twofront": -479.87095881009554, "twoleft": 468.9360899185649, "tworight": 37060.36888929426, "twotop": 4566.046398996223, "yelloww": -6169.994054168426}}