{ "firstOccurenceWeights": {
"ifloor": 63540.59115770382,
"irailing": 4568.904724895876,
"irow": 3839.153835227762,
"iwall": 12391.644766932164
},
"weights": {
"backleftcorner": 43388.321800649945,
"backrightcorner": 32860.697934379285,
"behind": 48215.353179458914,
"blackw": 16145.941870330687,
"block": 2066.5688155953367,
"bluew": 3320.2440286988385,
"dnp": 3107.0048053594037,
"firstinstruction": 36160.42950010074,
"floor": 17567.461060597405,
"fromdiagonal1": -2767.2478964682764,
"fromdiagonal2": 4853.229741012065,
"fromlefttoright": 11826.917540076496,
"fromtopofdiagonal2": 2237.855884911907,
"front": -2973.0307659421637,
"frontleftcorner": 62354.183235178905,
"frontrightcorner": -8157.668699834538,
"high2": -15734.221001347216,
"irailing": 168.63636411741845,
"irow": 4349.219891612432,
"iwall": -12871.037480952244,
"left": -23487.269982046215,
"loc": 4222.545608030181,
"lowerleftcorner": 8098.153004880049,
"lowerrightcorner": 10857.182994426059,
"nexttor": -17556.43378666428,
"np": 4776.401464837747,
"obj": 1938.2783399105683,
"otherside": 168.63636411741845,
"prev": 3872.3352533800216,
"redw": 2009.8579593287163,
"right": -3707.2141359218977,
"row": 4349.219891612432,
"tobottomdiagonal2": 2237.855884911907,
"todiagonal1": -6374.109587763854,
"todiagonal2": 63540.59115770382,
"tohorizontalrr": -15734.221001347216,
"top": 3839.153835227762,
"topfromdiagonal1": 4568.904724895876,
"topfromdiagonal2": 54578.11290282958,
"toptodiagonal1": 4568.904724895876,
"toright": -18363.782968967185,
"totopofdiagonal1": 1034.1718346491707,
"totopofdiagonal2": -26188.18186249758,
"upperrightcorner": -1111.8176736030618,
"wall": 6290.944541874042,
"yelloww": 1101.9844884764505
}}
