{"firstOccurenceWeights": {"iblock": -0.1130330119174685, "ifloor": 5.520134060990904, "irailing": 17.09877107790342}, "weights": {"backleftcorner": 3.6262879987982175, "backrightcorner": 6.69333079301221, "behind": 1.7580090871564455, "betweenbf": 0.28616496262022284, "betweenfb": 0.8333201938116682, "betweenlr": -0.5604428556520873, "betweenrl": -0.5720182203213231, "block": 1.479213863811954, "bluew": 0.5495173742470123, "dnp": 1.5711286682128809, "firstinstruction": 1.8936108581147524, "floor": 1.914008510552994, "fourbehind": 2.4399199520800763, "fourfront": 2.6518892667317546, "fourleft": 1.1652263312302038, "fourright": 0.918871417209724, "fromdiagonal2": 5.520134060990904, "front": 0.7842001647668485, "frontleftcorner": -9.634541831737636, "frontrightcorner": 4.713895017309378, "iblock": 0.5641680588831464, "irailing": -4.529539859659697, "left": 0.6280600150021387, "loc": 0.8823585012233524, "nexttol": 0.09011136017571819, "nexttor": 1.0579921186612218, "np": 1.200542430349576, "obj": 1.2357717455319581, "otherside": 6.710051454797389, "othersideof": 5.732798538014456, "prev": 0.9424421577758795, "right": 0.6379454329084933, "threebehind": 2.6557479954838046, "threefront": 2.617368333574171, "threeleft": 0.8889253844095315, "threeright": 0.6957696278256293, "todiagonal2": 5.520134060990904, "top": -0.216409452753485, "topfromdiagonal1": 4.655200429662009, "toptodiagonal1": 4.655200429662009, "twoabove": 2.054894782153324, "twobehind": 1.896032351033876, "twofront": 1.4960394067202123, "twoleft": 0.33002751396494945, "tworight": 5.277336885253463, "twotop": 0.8556432682613953, "yelloww": 0.19680746198295174}}