{"firstOccurenceWeights": {"iblock": -0.31303301191746846, "ifloor": 5.320134060990904, "irailing": 16.898771077903422}, "weights": {"backleftcorner": 3.4262879987982178, "backrightcorner": 6.49333079301221, "behind": 1.5580090871564458, "betweenbf": 0.08616496262022288, "betweenfb": 0.6333201938116683, "betweenlr": -0.7604428556520872, "betweenrl": -0.7720182203213231, "block": 1.2792138638119543, "bluew": 0.34951737424701235, "dnp": 1.371128668212881, "firstinstruction": 1.6936108581147526, "floor": 1.7140085105529943, "fourbehind": 2.2399199520800765, "fourfront": 2.4518892667317544, "fourleft": 0.9652263312302038, "fourright": 0.718871417209724, "fromdiagonal2": 5.320134060990904, "front": 0.5842001647668486, "frontleftcorner": -9.834541831737635, "frontrightcorner": 4.513895017309378, "iblock": 0.3641680588831464, "irailing": -4.729539859659697, "left": 0.42806001500213875, "loc": 0.6823585012233524, "nexttol": -0.10988863982428176, "nexttor": 0.8579921186612217, "np": 1.000542430349576, "obj": 1.0357717455319582, "otherside": 6.510051454797389, "othersideof": 5.532798538014456, "prev": 0.7424421577758795, "right": 0.43794543290849325, "threebehind": 2.4557479954838044, "threefront": 2.417368333574171, "threeleft": 0.6889253844095315, "threeright": 0.49576962782562944, "todiagonal2": 5.320134060990904, "top": -0.41640945275348495, "topfromdiagonal1": 4.455200429662009, "toptodiagonal1": 4.455200429662009, "twoabove": 1.854894782153324, "twobehind": 1.696032351033876, "twofront": 1.2960394067202126, "twoleft": 0.1300275139649495, "tworight": 5.077336885253462, "twotop": 0.6556432682613953, "yelloww": -0.0031925380170482187}}