{"firstOccurenceWeights": {"iblock": -0.9130330119174686, "ifloor": 4.720134060990905, "irailing": 16.29877107790342}, "weights": {"backleftcorner": 2.8262879987982177, "backrightcorner": 5.89333079301221, "behind": 0.9580090871564457, "betweenbf": -0.5138350373797771, "betweenfb": 0.03332019381166823, "betweenlr": -1.3604428556520873, "betweenrl": -1.3720182203213231, "block": 0.6792138638119543, "bluew": -0.2504826257529877, "dnp": 0.7711286682128808, "firstinstruction": 1.0936108581147526, "floor": 1.1140085105529942, "fourbehind": 1.6399199520800762, "fourfront": 1.8518892667317544, "fourleft": 0.36522633123020376, "fourright": 0.11887141720972402, "fromdiagonal2": 4.720134060990905, "front": -0.01579983523315151, "frontleftcorner": -10.434541831737636, "frontrightcorner": 3.913895017309378, "iblock": -0.23583194111685363, "irailing": -5.329539859659697, "left": -0.17193998499786128, "loc": 0.08235850122335239, "nexttol": -0.7098886398242819, "nexttor": 0.25799211866122174, "np": 0.400542430349576, "obj": 0.4357717455319582, "otherside": 5.910051454797389, "othersideof": 4.932798538014456, "prev": 0.14244215777587954, "right": -0.16205456709150678, "threebehind": 1.8557479954838043, "threefront": 1.817368333574171, "threeleft": 0.08892538440953146, "threeright": -0.10423037217437059, "todiagonal2": 4.720134060990905, "top": -1.016409452753485, "topfromdiagonal1": 3.855200429662009, "toptodiagonal1": 3.855200429662009, "twoabove": 1.2548947821533238, "twobehind": 1.0960323510338759, "twofront": 0.6960394067202125, "twoleft": -0.46997248603505054, "tworight": 4.477336885253463, "twotop": 0.05564326826139526, "yelloww": -0.6031925380170482}}