{ "firstOccurenceWeights": {
"iblock": -948.1712982021653,
"ifloor": 10371.693478199131,
"irailing": 16512.042933048702
},
"weights": {
"backleftcorner": 12368.732875842856,
"backrightcorner": -1393.8776879055224,
"behind": 287.2067691184558,
"betweenbf": -503.7507990727163,
"betweenrl": -4244.935346848039,
"block": 829.5794313551489,
"bluew": -2045.668577904656,
"dnp": 1300.3088519839532,
"firstinstruction": 19128.92663304515,
"floor": 4012.7756513015365,
"fourbehind": -4599.432236160946,
"fourfront": -2982.73023702705,
"fourright": 19635.338612986718,
"fromdiagonal1": 10371.693478199131,
"front": -2184.4548925404792,
"frontleftcorner": 944.5079748635292,
"frontrightcorner": 2069.384423400359,
"iblock": 293.6435404629977,
"irailing": 1123.74782969214,
"left": -2144.8350404777757,
"loc": 558.5405874965803,
"nexttol": -2684.5334684139348,
"nexttor": -5553.68632720011,
"np": 836.7958678580981,
"obj": 553.6949695972048,
"otherside": -8309.155326233704,
"othersideof": 1123.74782969214,
"prev": 2329.0869903455336,
"right": 7290.597417981937,
"todiagonal1": 10371.693478199131,
"top": 3226.612680291606,
"topfromdiagonal1": 19335.29508748796,
"toptodiagonal1": 19335.29508748796,
"twoabove": -3857.703533851981,
"twobehind": 6620.102886691181,
"twofront": 8876.630374953014,
"twoleft": 17438.978262339228,
"tworight": 35298.4159947718,
"yelloww": -3728.4740871866616
}}
