{ "firstOccurenceWeights": {
"iblock": -459.9025364961666,
"ifloor": 12323.77805424016,
"irailing": 19145.0044771104
},
"weights": {
"backleftcorner": 11788.574282891244,
"backrightcorner": -1492.051700649256,
"behind": -1116.368419214095,
"betweenbf": -1429.8846240407684,
"betweenrl": -4397.103505292513,
"block": 897.9351386732196,
"bluew": -3353.1298063430017,
"dnp": 1289.054783037855,
"firstinstruction": 20565.632161417838,
"floor": 3672.036502221168,
"fourbehind": -5919.576162001624,
"fourfront": -2471.3727848422714,
"fourright": 18669.71428386348,
"fromdiagonal1": 12323.77805424016,
"front": -2540.044224373619,
"frontleftcorner": 421.179922162499,
"frontrightcorner": 1477.1409130546785,
"iblock": 403.9166073894037,
"irailing": 1116.092715815319,
"left": -3193.224638864297,
"loc": 492.04858736340833,
"nexttol": -3648.8388969125126,
"nexttor": -6825.609695856265,
"np": 1050.9900699566404,
"obj": 610.500384299315,
"othersideof": 1116.092715815319,
"prev": 2935.8058130660174,
"right": 6574.71610851864,
"todiagonal1": 12323.77805424016,
"top": 3865.3217285147234,
"topfromdiagonal1": 19145.0044771104,
"toptodiagonal1": 19145.0044771104,
"twoabove": -3545.687565165778,
"twobehind": 6584.540104215714,
"twofront": 10067.139352464157,
"twoleft": 17737.0938445742,
"tworight": 35340.26747415975,
"yelloww": -4793.344435181853
}}
