{ "firstOccurenceWeights": {
"iblock": -786.6902773511373,
"ifloor": 11503.189525112546,
"irailing": 18863.665682589726
},
"weights": {
"backleftcorner": 12130.618684829458,
"backrightcorner": -1275.390011845177,
"behind": -900.9068566078657,
"betweenbf": -1186.89667208241,
"betweenrl": -4152.857025664448,
"block": 835.4369739497663,
"bluew": -2823.114016592098,
"dnp": 1283.8050470486037,
"firstinstruction": 20380.034097360098,
"floor": 3853.0806641025083,
"fourbehind": -5273.161117380942,
"fourfront": -2993.820963380232,
"fourright": 19036.44810870982,
"fromdiagonal1": 11503.189525112546,
"front": -2397.0850384515807,
"frontleftcorner": 669.1934238705953,
"frontrightcorner": 1664.0222519756971,
"iblock": 414.7848097171418,
"irailing": 1072.862383409383,
"left": -2820.438686424399,
"loc": 488.20074170369116,
"nexttol": -3268.919793986306,
"nexttor": -6473.420592536064,
"np": 1009.3433114465076,
"obj": 591.0806495484967,
"othersideof": 1072.862383409383,
"prev": 2701.5701447244983,
"right": 6805.504282199375,
"todiagonal1": 11503.189525112546,
"top": 3574.6035259659575,
"topfromdiagonal1": 18863.665682589726,
"toptodiagonal1": 18863.665682589726,
"twoabove": -3839.72320349269,
"twobehind": 6879.525489115523,
"twofront": 10038.11333856879,
"twoleft": 17849.970480638327,
"tworight": 35625.86093241794,
"yelloww": -4554.362113160323
}}
