{ "firstOccurenceWeights": {
"iblock": -1.379639453192345,
"ifloor": 0.18730538489782222,
"irailing": 3.6952505152753727
},
"weights": {
"backleftcorner": 0.7312598475061599,
"backrightcorner": -2.2496497767651817,
"behind": -0.6139585492269208,
"betweenbf": 0.42256096867357096,
"betweenrl": 0.36481387465577375,
"block": 0.030660213730765183,
"bluew": -0.8474181504326659,
"dnp": 0.08784775693298769,
"firstinstruction": 2.8749217528002187,
"floor": 0.40162620197008275,
"fourbehind": -1.043865528437327,
"fourfront": -0.8873265184853174,
"fourright": 3.4690234154360593,
"fromdiagonal1": 0.18730538489782222,
"front": -0.4882036608742266,
"frontleftcorner": 1.3141091056867633,
"frontrightcorner": 0.7781756599923175,
"iblock": 0.15385022135883503,
"irailing": -0.1555749927291984,
"left": -0.46564975467601516,
"loc": 0.04189539258134013,
"nexttol": -0.7248411359049546,
"nexttor": -0.89987089627123,
"np": 0.08439730526249772,
"obj": 0.04520667551447081,
"otherside": -2.7417916048168065,
"othersideof": -0.1555749927291984,
"prev": 0.6791161935741188,
"right": 0.2044618247745478,
"todiagonal1": 0.18730538489782222,
"top": 1.1700896472248457,
"topfromdiagonal1": 4.447785643759303,
"toptodiagonal1": 4.447785643759303,
"twoabove": 0.7201327342894256,
"twobehind": 1.419471587209463,
"twofront": 0.8125723862032533,
"twoleft": 1.8933449753198879,
"tworight": 7.711269910953832,
"yelloww": -1.5467014483728978
}}
