{ "firstOccurenceWeights": {
"iblock": 388.9171491257214,
"ifloor": 14315.051883240805,
"irailing": 19560.156866808204
},
"weights": {
"backleftcorner": 10778.499109340808,
"backrightcorner": -641.1934936874754,
"behind": -1484.067234672421,
"betweenbf": -2740.4725334507307,
"betweenrl": -5694.612478076234,
"block": 1005.5269391058641,
"bluew": -4596.548075321411,
"dnp": 1287.9301851836392,
"firstinstruction": 20422.4063156602,
"floor": 3335.086863187233,
"fourright": 18040.495752101102,
"fromdiagonal1": 14315.051883240805,
"front": -2471.50038133416,
"frontleftcorner": -119.91187277441395,
"frontrightcorner": 1004.5031130541365,
"iblock": 403.5505068979672,
"irailing": 1164.4907468607114,
"left": -3699.15301710312,
"loc": 513.2431307506231,
"nexttol": -4300.670017743513,
"nexttor": -7123.888456997752,
"np": 1166.2440940972979,
"obj": 650.8196921142209,
"othersideof": 1164.4907468607114,
"prev": 3212.395955150067,
"right": 6152.704169473693,
"todiagonal1": 14315.051883240805,
"top": 4309.271347568756,
"topfromdiagonal1": 19560.156866808204,
"toptodiagonal1": 19560.156866808204,
"twoabove": -2952.12143673711,
"twobehind": 4950.555390831352,
"twofront": 10228.01366445905,
"twoleft": 16422.417598843524,
"tworight": 33650.79049886734,
"yelloww": -4294.515444876637
}}
