{ "firstOccurenceWeights": {
"iblock": 9099.873694829352,
"ifloor": 14060.298644289158,
"irailing": 33155.11527524427
},
"weights": {
"backleftcorner": -24057.345649539635,
"backrightcorner": 19342.02701375741,
"behind": 3929.795410476886,
"betweenbf": -6138.558768865167,
"betweenrl": -7868.441380299715,
"block": 1891.3280323790473,
"bluew": -1454.6017442155094,
"dnp": 1409.8982091863993,
"firstinstruction": 10775.525099070404,
"floor": -1650.5267066100378,
"fourbehind": 12987.203293591881,
"fourfront": 6220.486366923067,
"fourleft": 10533.78154697895,
"fourright": 2342.732451645531,
"fromdiagonal2": 14060.298644289158,
"front": -2432.965996953102,
"frontleftcorner": -70534.19830128274,
"frontrightcorner": -10373.546809140635,
"iblock": -600.9968734066855,
"irailing": 5578.3348870744785,
"left": -936.7674155638446,
"loc": 565.6289213411649,
"nexttol": -3957.024520960478,
"nexttor": -4359.561074338969,
"np": 955.6690396565746,
"obj": 718.8593954214539,
"otherside": 2266.7218622709474,
"othersideof": 9435.881295490057,
"prev": 3584.5956047884356,
"right": -272.8630511313909,
"threebehind": 9351.059839043219,
"threefront": -1117.4417896420046,
"threeleft": 1298.2596913866519,
"threeright": 8111.045083737037,
"todiagonal2": 14060.298644289158,
"top": 1792.1307094588121,
"topfromdiagonal1": 33155.11527524427,
"toptodiagonal1": 33155.11527524427,
"twoabove": 189.3333137363661,
"twobehind": 13096.503104396283,
"twofront": 19026.790421670055,
"twoleft": 1546.2722995971467,
"tworight": 14984.11805716909,
"twotop": 6272.422790739623,
"yelloww": -3052.7644552565057
}}
